,MSE,R2_Score,MAE
svd,962423336.2,0.837131023,19755.67808
svd-jacobi,962423336.2,0.837131023,19755.67808
eig,962423336.2,0.837131023,19755.67808
svd-qr,962423336.2,0.837131023,19755.67808
qr,961406818.9,0.837302983,19762.80822
